,title,,,,,,target
0,"""想要充实自己，有哪 10 本书或者 10 部电影值得推荐？""",,,,,,0
1,"""印象中什么时候你对中国电影、电视剧最失望？""",,,,,,-1
2,"""有哪些好看的高智商悬疑电影？""",,,,,,1
3,"""谁是 2016 年的演技最差的男星？""",,,,,,-1
4,"""《不能说的秘密》是部好电影吗？""",,,,,,1
5,"""如果神话传说都是真的，世界会变成什么样子？""",,,,,,0
6,"""有没有一部电影让你在深夜中痛哭？""",,,,,,-1
7,"""现实中的警察像电影中那么勇猛吗？""",,,,,,0
8,"""如何评价电影《红海行动》？""",,,,,,1
9,"""如何看待王宝强亲自领金扫帚奖？""",,,,,,1
11,"""作为演员，拍吻戏是种怎样的体验？""",,,,,,0
12,"""什么样的青春片才是如今国内需要的？""",,,,,,1
13,"""你心目中有哪些实力的演员也适合花木兰这个角色？""",,,,,,-1
14,"""有哪些当时不懂后来才理解的电影台词或情节？""",,,,,,0
15,"""现实中的警察像电影中那么勇猛吗？""",,,,,,-1
16,"""为什么《摔跤吧！爸爸》争议这么大？""",,,,,,0
17,"""印象中什么时候你对中国电影、电视剧最失望？""",,,,,,-1
18,"""国产电影用八个月，交出了一份令人恶心的答卷""",,,,,,-1
19,"""一个演员的演技能烂到什么程度？""",,,,,,-1
20,"""有哪些好看的负能量电影？""",,,,,,0
21,"""我们的教育缺失，早被这部禁片预言""",,,,,,-1
22,"""在哪个镜头让你觉得一个演员演技爆炸？""",,,,,,1
23,"""最好的爱情是什么样子""",,,,,,1
24,"""有哪些爆笑恶搞的电影，能把人笑爆炸的那种？""",,,,,,1
25,"""《疯狂动物城》（Zootopia）中有哪些有趣的细节？""",,,,,,0
27,"""娱乐圈一场大会，炸出了这么多假演员真戏精！""",,,,,,-1
28,"""有哪些好看到让人浑身颤抖、无法自拔、久久不忘的电影？""",,,,,,0
29,"""有哪些可以令人笑得窒息的笑话？""",,,,,,0
30,"""豆瓣电影TOP250不够看？没关系，我把豆瓣8分以上的电影都给你（分类排序）""",,,,,,0
31,"""哪些精彩的打斗片段让你念念不忘？""",,,,,,1
32,"""如果可以选择，你想住进「同福客栈」还是「爱情公寓」？""",,,,,,1
34,"""《阿甘正传》中的珍妮频频离开阿甘是什么原因？""",,,,,,1
35,"""有哪些好看的负能量电影？""",,,,,,0
36,"""影视剧里有哪些很过瘾的怼人片段？""",,,,,,-1
37,"""有哪些烂到极致的神作？""",,,,,,-1
38,"""有哪些电影一定要趁年轻看？""",,,,,,0
40,"""你有什么道理后悔没有早点知道？""",,,,,,-1
41,"""如何长时间高效学习？""",,,,,,0
42,"""你有什么道理后悔没有早点知道？""",,,,,,0
43,"""死刑真的有威慑力吗？""",,,,,,-1
44,"""有哪些可以提升情商、判断力和谈话技巧的书籍？""",,,,,,0
45,"""一个女生怎样才算见过世面？""",,,,,,0
47,"""自控力极差的人如何自救？""",,,,,,1
48,"""有没有一部电影让你在深夜中痛哭？""",,,,,,-1
49,"""你遇到过哪些「赤裸裸暴露人性」的事情？""",,,,,,1
50,"""男女交往中男性的核心竞争力是什么？""",,,,,,0
51,"""你听到过或写下过最漂亮的一句话是什么？""",,,,,,1
52,"""男大学生寝室的关系可以可怕到什么程度？""",,,,,,1
53,"""成人世界的人际交往中有哪些潜台词？""",,,,,,0
54,"""异地恋如何维持长久？""",,,,,,0
55,"""现在的男性是否普遍不再对女性展开追求了？为什么？""",,,,,,-1
57,"""摧毁一个熊孩子有多困难？""",,,,,,-1
58,"""你有哪些给女孩子在谈恋爱中的忠告？""",,,,,,1
59,"""如何维护长期的恋爱关系？""",,,,,,1
61,"""生活中你有哪些观人术？""",,,,,,0
62,"""如何长时间高效学习？""",,,,,,0
63,"""你坚持过哪些细小的好习惯？""",,,,,,1
64,"""摧毁一个熊孩子有多困难？""",,,,,,1
65,"""人是怎么废掉的？""",,,,,,1
66,"""现在的男性是否普遍不再对女性展开追求了？为什么？""",,,,,,-1
67,"""有哪些可以提升情商、判断力和谈话技巧的书籍？""",,,,,,0
68,"""一个人智商高有多可怕？""",,,,,,0
69,"""情商低的人如何提高情商？""",,,,,,0
70,"""为什么上班都是坐着，还会感觉疲惫不堪？""",,,,,,-1
71,"""一个人智商高有多可怕？""",,,,,,0
72,"""为什么有的人没有恋爱需求？""",,,,,,1
75,"""如何看待 2016 年 4 月流行的让男朋友猜化妆品价格这件事？""",,,,,,1
76,"""人是怎么废掉的？""",,,,,,-1
77,"""贫穷会对人的身心造成多大的影响？""",,,,,,1
78,"""有哪些让你「心上开出一朵花」的瞬间？""",,,,,,0
79,"""你听到过或写下过最漂亮的一句话是什么？""",,,,,,1
80,"""女生会做饭是一种怎样的体验？""",,,,,,1
81,"""北京有哪些深藏不露的餐馆？""",,,,,,0
82,"""中国人到底有多能吃？""",,,,,,1
83,"""能吃是种怎样的体验？""",,,,,,1
84,"""在家如何做出美味的火锅汤底、蘸料？""",,,,,,0
85,"""女生会做饭是一种怎样的体验？""",,,,,,0
87,"""做饭给自己一人吃，如何最快速，且营养有保证？""",,,,,,0
88,"""你有哪些买了又买吃了又吃的零食推荐？""",,,,,,1
89,"""学医的吃脏器比如卤煮是什么感受？""",,,,,,1
90,"""做饭给自己一人吃，如何最快速，且营养有保证？""",,,,,,0
91,"""你有吃东西吃哭了的经历吗？""",,,,,,-1
92,"""有什么相见恨晚的零食？""",,,,,,0
93,"""如何掌握做超级好吃便当的技能？""",,,,,,0
94,"""你有吃东西吃哭了的经历吗？""",,,,,,-1
95,"""为什么兔肉没有成为大部分地区人类的主食？""",,,,,,0
96,"""用中华小当家的口吻描述热干面？""",,,,,,1
97,"""方便面里放什么食材会让人惊为天人，泪流满面？""",,,,,,1
98,"""吃狗粮是种怎样的体验？""",,,,,,0
99,"""《西游记》中提到了几种烹饪唐僧的方法？""",,,,,,0
101,"""普通女生的饭量是怎样的？""",,,,,,
103,"""有什么相见恨晚的零食？""",,,,,,
104,"""生活中有哪些不常见但是超赞的好吃搭配？""",,,,,,
105,"""上海有哪些深藏不露的餐馆？""",,,,,,
106,"""如果古代皇帝想尝尝月亮的味道，而你是御厨，你怎么大开脑洞?""",,,,,,
107,"""大学生有什么好的晚餐搭配？""",,,,,,
108,"""西安有哪些深藏不露的餐馆？""",,,,,,
110,"""小龙虾如何做比较好吃？""",,,,,,
111,"""为什么有些人怎么吃都不胖？""",,,,,,
112,"""如何掌握做超级好吃便当的技能？""",,,,,,
113,"""如何做正宗的黄金蛋炒饭？先放蛋黄，还是蛋黄与饭搅和在一起，然后下锅？""",,,,,,
114,"""如果我来你的城市旅行，有哪些美食是不可错过的？""",,,,,,
115,"""有一个不会做饭的女友是一种怎样的体验?""",,,,,,
116,"""味精毁了中国的美食吗？""",,,,,,
118,"""北京有哪些深藏不露的餐馆？""",,,,,,
119,"""用中华小当家的口吻描述热干面？""",,,,,,
120,"""有哪些很重要又被忽视的炒菜技巧？""",,,,,,
121,"""淘宝上有哪些网购美食？""",,,,,,
122,"""街边小吃究竟有多脏？""",,,,,,
123,"""最适合在办公室吃的零食是什么？""",,,,,,
124,"""你在最饿时曾饥不择食吃过什么？""",,,,,,
125,"""有哪些很重要又被忽视的炒菜技巧？""",,,,,,
126,"""有哪些吃西餐时非常 low 的行为？""",,,,,,
127,"""你吃过的最奇葩的食物是什么？""",,,,,,
128,"""如何应对「披萨不就是个大饼铺点肉」、「寿司不就是放块鱼在米饭上」这种言论？""",,,,,,
129,"""有哪些吃西餐时非常 low 的行为？""",,,,,,
130,"""面包店是怎么处理当天剩余面包的？""",,,,,,
131,"""你因为贪吃付出过怎样惨痛的代价？""",,,,,,
133,"""知乎上关于美食的精彩问答有哪些？""",,,,,,
134,"""开炸鸡排店的「水」真的很深吗？""",,,,,,
135,"""你最不能理解的网红美食是什么？""",,,,,,
136,"""女生会做饭是一种怎样的体验？""",,,,,,
137,"""方便面对身体有什么影响？""",,,,,,
138,"""有哪些吃山东煎饼时非常不雅的行为？""",,,,,,
139,"""100 元以下的价位有什么好喝的酒？""",,,,,,
140,"""你是明白了哪几个基本原理之后而厨艺大增的？""",,,,,,
142,"""街边小吃究竟有多脏？""",,,,,,
143,"""如何煎出完美的鸡蛋？""",,,,,,
144,"""有哪些类似「西瓜最中间那一口」的美食？""",,,,,,
145,"""电影《喜欢你》里面的煮面方式真的好吃吗？""",,,,,,
146,"""你吃过最令人感动的食物是什么？""",,,,,,
147,"""如何评价《舌尖上的中国》第三季？""",,,,,,
148,"""北京有哪些深藏不露的餐馆？""",,,,,,
149,"""为什么街头烤肠、麻辣烫、关东煮、烧烤这些东西不断被人说不健康甚至致癌，可销量却丝毫不受影响？""",,,,,,
150,"""米其林三星餐厅吃一顿多少钱？""",,,,,,
151,"""《舌尖上的中国》第三季真的扑街了吗？""",,,,,,
152,"""人类能不能吃狗肉？""",,,,,,
153,"""那么讨厌的一个人居然没被甩""",,,,,,
154,"""如何评价《舌尖上的中国》第三季？""",,,,,,
155,"""你在最饿时曾饥不择食吃过什么？""",,,,,,
156,"""羊驼的口感是怎样的？""",,,,,,
157,"""中国菜可以有多好吃？""",,,,,,
158,"""海底捞，我承认我“抖”不过你""",,,,,,
159,"""有什么地方让你觉得「哪怕只为了吃都值得特地跑一趟」？""",,,,,,
160,"""曝光！用airbnb订台湾民宿遇到变态房东，针孔摄像头装在民宿卧室与卫生间，半年时间airbnb回应冷漠！""",,,,,,
161,"""与网络卖家发生纠纷后如何解决？""",,,,,,
162,"""有哪些适合居住一周的旅游小镇？""",,,,,,
163,"""有哪些适合居住一周的旅游小镇？""",,,,,,
164,"""坐趟从北京到莫斯科的列车是一种怎样的体验？""",,,,,,
165,"""国内有哪些冷门但有特色的旅游地点？""",,,,,,
166,"""哪些地方适合一个人旅行？""",,,,,,
167,"""冰岛最吸引游客的地方都有哪些？""",,,,,,
168,"""如何看待宁波动物园老虎咬人导致老虎被击毙事件？""",,,,,,
169,"""长城这么矮究竟能拦住什么？""",,,,,,
170,"""旅游景点都有哪些常见的坑钱、骗人的伎俩？""",,,,,,
171,"""休婚假 15 天，去哪里玩比较好？""",,,,,,
172,"""10部必看的BBC神级纪录片，每一部都美到跪下！""",,,,,,
173,"""如何看待宁波动物园老虎咬人导致老虎被击毙事件？""",,,,,,
174,"""淘宝上有哪些好看到爆的女装店？""",,,,,,
175,"""日本有哪些糟糕之处？""",,,,,,
176,"""淘宝上有哪些便宜又好吃的零食？""",,,,,,
177,"""日本旅游自助会比跟团贵吗？""",,,,,,
178,"""国内有哪些尚未过度开发的景点值得一去？""",,,,,,
179,"""淘宝上有哪些便宜又好吃的零食？""",,,,,,
180,"""这本该是个励志的故事……""",,,,,,
181,"""朋友出国买东西，代购，我被坑了吗？""",,,,,,
182,"""在北京一个人一天去哪玩比较好？""",,,,,,
183,"""女生长途旅行如何精简行李还能打扮的美美的？""",,,,,,
184,"""这可能是Airbnb上最酷的夫妻房东""",,,,,,
185,"""最让你失望的境外旅游城市或者景点是哪里？""",,,,,,
186,"""如何看待丽江抢劫打人恶性毁容事件？""",,,,,,
187,"""国内有哪些尚未过度开发的景点值得一去？""",,,,,,
188,"""有哪些旅行的细节极大地提升了整个旅行体验？""",,,,,,
189,"""女生一个人旅行不安全，这种说法是对还是错？""",,,,,,
190,"""你在火车上遇到过哪些有趣／难忘的事？""",,,,,,
191,"""你听过哪些请假奇葩理由？""",,,,,,
192,"""非上海土著来沪一定不能错过的平民美食有哪些？""",,,,,,
193,"""贵州有哪些不可错过的景点？为什么？""",,,,,,
194,"""一个人旅行有哪些必备神器？""",,,,,,
196,"""有哪些网购能买到的冷门却有趣的东西？""",,,,,,
197,"""火车长途硬座有哪些黑魔法？""",,,,,,
198,"""你看见和了解的台湾是怎样的？""",,,,,,
199,"""大二，寒假想穷游拉萨和林芝，大概15天，预算2000，女生，一个人，没有独自出行经验！求建议！?""",,,,,,
200,"""宾馆的工作人员是怎么看待开房的一对男女的？""",,,,,,
201,"""宾馆的工作人员是怎么看待开房的一对男女的？""",,,,,,
202,"""在交通工具上靠着陌生人的肩膀睡着了或是被陌生人靠着肩膀睡着了是怎样一种体验？""",,,,,,
203,"""旅行时如何拍出不那么「到此一游」的照片？""",,,,,,
204,"""「侣行」夫妇（张昕宇、梁红）花了一亿人民币环球旅行有意义吗？""",,,,,,
205,"""女生一个人去印度自由行一个月左右可行吗？""",,,,,,
206,"""曝光！用airbnb订台湾民宿遇到变态房东，针孔摄像头装在民宿卧室与卫生间，半年时间airbnb回应冷漠！""",,,,,,
207,"""在外住酒店、宾馆有哪些经验？""",,,,,,
208,"""女生一个人去印度自由行一个月左右可行吗？""",,,,,,
209,"""有哪些适合居住一周的旅游小镇？""",,,,,,
210,"""旅行中如何优雅地发朋友圈？""",,,,,,
211,"""火车上为什么会有人老是来推销小商品？""",,,,,,
213,"""有哪些适合居住一周的旅游小镇？""",,,,,,
214,"""你在火车站或火车上有过哪些难忘的或更新世界观的经历？""",,,,,,
215,"""整年都在旅行的人，有哪些经济来源？""",,,,,,
216,"""提高手机摄影水平，有什么心得？""",,,,,,
217,"""坐趟从北京到莫斯科的列车是一种怎样的体验？""",,,,,,
218,"""去泰国旅游要注意些什么？""",,,,,,
219,"""你看见和了解的台湾是怎样的？""",,,,,,
220,"""一个人旅行应该怎样自拍？""",,,,,,
221,"""你在乘坐出租车或网约车时发生过哪些让你难忘的故事？""",,,,,,
222,"""西藏，才不是你们的去污粉！""",,,,,,
223,"""和不会拍照的人旅游是种怎样的体验？""",,,,,,
224,"""住宾馆时让人感觉最好的体验是什么？""",,,,,,
226,"""故宫一年之内游客最少的是什么时候？""",,,,,,
227,"""有哪些「神反转」的例子？""",,,,,,
228,"""哪些地方适合一个人旅行？""",,,,,,
229,"""如何购买特价机票？""",,,,,,
230,"""世界上最危险的地方在哪？""",,,,,,
231,"""你住过最贵的酒店是哪家？""",,,,,,
232,"""国内有哪些冷门但有特色的旅游地点？""",,,,,,
233,"""你在乘坐出租车或网约车时发生过哪些让你难忘的故事？""",,,,,,
234,"""如何在火车上向身边的陌生人搭讪？""",,,,,,
235,"""去过 100 个以上的国家是种怎样的体验？""",,,,,,
236,"""旅行真的能使人改变吗？""",,,,,,
237,"""旅行时如何拍出不那么「到此一游」的照片？""",,,,,,
238,"""住酒店时，半夜有人敲门并在门口发出动门锁的声音，该怎样做？""",,,,,,
239,"""有什么地方让你觉得「哪怕只为了吃都值得特地跑一趟」？""",,,,,,
240,"""有哪些读书学不来，却很重要的素质？""",,,,,,
241,"""要怎样努力，才能成为很厉害的人？""",,,,,,
242,"""你有什么道理后悔没有早点知道？""",,,,,,
243,"""有哪些很重要又被忽视的炒菜技巧？""",,,,,,
244,"""历史上有哪些成就颇高但鲜为人知的人？""",,,,,,
245,"""有什么相见恨晚的背单词方法？""",,,,,,
246,"""你有什么道理后悔没有早点知道？""",,,,,,
247,"""体质极差的人该如何从头开始恢复身体素质？""",,,,,,
248,"""好友间的关系是如何变淡的？""",,,,,,
249,"""有文化可以有多可怕？""",,,,,,
250,"""你成功地报复过谁？""",,,,,,
251,"""有哪些你难以理解的潮流？""",,,,,,
252,"""你在不经意间看见过什么不该看见的东西或者事情？""",,,,,,
253,"""有什么知识，你知道后你的世界马上就不一样了？""",,,,,,
254,"""你在不经意间看见过什么不该看见的东西或者事情？""",,,,,,
255,"""每个宿舍最早起来的人后来怎么样了呢？""",,,,,,
256,"""你成功地报复过谁？""",,,,,,
257,"""丧失了喜欢人的能力是怎样的体验？""",,,,,,
258,"""「让前任后悔」是种怎样的体验？""",,,,,,
259,"""一个女生怎样才算见过世面？""",,,,,,
261,"""你觉得自己牛在哪儿？为什么会这样觉得？""",,,,,,
262,"""刚和女朋友/男朋友同居是一种什么体验？""",,,,,,
263,"""就 2015 年初而言，国人的审美大体处于一个什么样的水平？""",,,,,,
264,"""在交通工具上靠着陌生人的肩膀睡着了或是被陌生人靠着肩膀睡着了是怎样一种体验？""",,,,,,
265,"""有一个妹妹是怎样一种体验？""",,,,,,
266,"""有哪些「笑容逐渐消失」的例子？""",,,,,,
267,"""有一个妹妹是怎样一种体验？""",,,,,,
268,"""现实可以有多美好？""",,,,,,
269,"""日常生活中有哪些十分钟就能学会并可以终生受用的技能？""",,,,,,
270,"""如果800个小时后发生世界大战，你最想怎么做？""",,,,,,
271,"""哪些实用的小方法、小技巧、好习惯能让人每天进步？""",,,,,,
272,"""装逼成功是种怎样的体验？""",,,,,,
273,"""有没有一部电影让你在深夜中痛哭？""",,,,,,
274,"""你遇到过哪些「赤裸裸暴露人性」的事情？""",,,,,,
275,"""男女交往中男性的核心竞争力是什么？""",,,,,,
276,"""你听到过或写下过最漂亮的一句话是什么？""",,,,,,
277,"""有哪些写出来让人尴尬到脸酸的文章或段子？""",,,,,,
278,"""穷养的女孩和富养的女孩的区别在哪？""",,,,,,
279,"""贫穷有多可怕？""",,,,,,
280,"""有哪些极简主义的头像？""",,,,,,
281,"""你见过最丑的设计是什么？""",,,,,,
282,"""喜欢宅的人，如何把家里装修成全世界最舒服的地方？""",,,,,,
284,"""有哪些外行人看来很蠢的设计实际上却是精妙无比？""",,,,,,
286,"""用纸能玩出什么好玩的花样？""",,,,,,
287,"""有哪些「看似很 LOW，实则惊艳」的产品？""",,,,,,
288,"""有哪些让人拍案叫绝的智障设计？""",,,,,,
289,"""有哪些令人叹为观止的细节？""",,,,,,
290,"""设计师这样的工作，可以做一辈子吗？""",,,,,,
291,"""有哪些脑残的产品设计？""",,,,,,
292,"""你见过最人性化的设计是什么？""",,,,,,
293,"""一个人可以 DIY 出什么有意思的东西？""",,,,,,
294,"""有哪些「看似很 LOW，实则惊艳」的产品？""",,,,,,
295,"""你见过最逼真、最极致的图片处理是什么样的？""",,,,,,
296,"""有哪些极简主义的头像？""",,,,,,
297,"""有哪些「看似复杂，实则简单」的PS技巧？""",,,,,,
298,"""怎样做出优秀的扁平化设计风格 PPT 或 Keynote 幻灯片演示文稿？""",,,,,,
299,"""你见过最人性化的设计是什么？""",,,,,,
300,"""怎么才能使粉色看起来非常硬汉？""",,,,,,
301,"""国内有哪些非常有设计感的 App？""",,,,,,
302,"""有哪些你想发明却已经被人发明了的东西？""",,,,,,
303,"""用一张纸能做出什么 ?""",,,,,,
304,"""你见过最逼真、最极致的图片处理是什么样的？""",,,,,,
305,"""有哪些包装方法让礼物瞬间高大上？""",,,,,,
306,"""不得不知的Snapseed使用技巧！""",,,,,,
307,"""有哪些值得推荐的字体？""",,,,,,
308,"""抖音骗我买的这20样东西，最后你猜怎么样了？""",,,,,,
309,"""一个人可以 DIY 出什么有意思的东西？""",,,,,,
310,"""你见过那些让人一眼记住的头像？""",,,,,,
311,"""有哪些让人拍案叫绝的智障设计？""",,,,,,
312,"""你家的装修是怎样的，共花费多少？""",,,,,,
314,"""你见过的真正的Photoshop高手是什么样的？""",,,,,,
315,"""如何设计一张高品位高水准海报？""",,,,,,
316,"""有哪些令人叹为观止的细节？""",,,,,,
317,"""要你“小一点的同时大一点”，很过分吗？""",,,,,,
318,"""有哪些著名的设计失败的汽车？""",,,,,,
319,"""你家的装修是怎样的，共花费多少？""",,,,,,
320,"""一线歌手之间的唱功真的有差距吗？从哪些方面可以看出来？""",,,,,,
321,"""有没有什么歌曲让你感慨「还有这种唱法！」？""",,,,,,
323,"""哪些歌手的真实性格和他官方人设非常不符？""",,,,,,
324,"""中国音乐圈最令人痛心的一刻是什么时候？""",,,,,,
325,"""有哪些让你觉得恶心的恶俗歌词？""",,,,,,
326,"""如何看待《一人我饮酒醉》这样的歌曲，是怎样的一种产物？""",,,,,,
327,"""PG One七宗罪：抄袭、吸毒、玩嫂子，真没他不敢干的！""",,,,,,
328,"""网易云音乐有哪些值得收藏的歌单？""",,,,,,
329,"""你们听过的最逗比的歌名是什么？""",,,,,,
330,"""有哪些让你觉得恶心的恶俗歌词？""",,,,,,
331,"""一线歌手之间的唱功真的有差距吗？从哪些方面可以看出来？""",,,,,,
332,"""什么音乐歌曲你听着听着就哭了？""",,,,,,
333,"""你什么时候会对华语乐坛感到失望？""",,,,,,
334,"""陈粒的歌是否有点无病呻吟？""",,,,,,
335,"""有哪些充满江湖味道的歌曲？""",,,,,,
336,"""哪些歌手的真实性格和他官方人设非常不符？""",,,,,,
337,"""为什么说唢呐是乐界流氓？""",,,,,,
338,"""陈粒的歌是否有点无病呻吟？""",,,,,,
341,"""有没有哪一首歌曲你听了后觉得是超级难听的？""",,,,,,
342,"""有哪些歌曲的现场演唱让你久久不能忘怀？""",,,,,,
344,"""吴亦凡的说唱 rap 水平到底如何？""",,,,,,
345,"""有哪些初见觉得很厉害，后来才发现没什么价值的作品？""",,,,,,
346,"""零基础如何自学吉他？""",,,,,,
348,"""有哪些被埋没了的好歌？""",,,,,,
349,"""你什么时候会对华语乐坛感到失望？""",,,,,,
351,"""你为什么卸载了网易云音乐？""",,,,,,
352,"""有哪些吉他和弦比较少又适合新手学习的歌曲？""",,,,,,
353,"""有哪些唱功称得上神级的歌手/艺术家？""",,,,,,
354,"""玩音乐的朋友有什么有趣的街头演奏经历？""",,,,,,
355,"""为什么说唢呐是乐界流氓？""",,,,,,
356,"""如何评价曲婉婷?""",,,,,,
357,"""如何评价莫文蔚？""",,,,,,
358,"""长期用耳塞听歌会导致听力下降吗？""",,,,,,
359,"""网易云音乐的歌单推荐算法是怎样的？""",,,,,,
360,"""人呐 要比想象的耐艹！""",,,,,,
361,"""你认为有哪些越早明白越好的人生道理？""",,,,,,
362,"""与网络卖家发生纠纷后如何解决？""",,,,,,
363,"""微信朋友圈中有哪些行为或做法显得特别 low?""",,,,,,
364,"""网络上有哪些免费的教育资源？""",,,,,,
365,"""你坚持过哪些细小的好习惯？""",,,,,,
366,"""哪一瞬间让你觉得情商高真的很重要？""",,,,,,
367,"""你是如何转行的？转行容易吗？""",,,,,,
368,"""有哪些在发达国家很普遍，在中国却行不通的商业模式？""",,,,,,
369,"""哪一瞬间让你觉得情商高真的很重要？""",,,,,,
370,"""如何看待咪蒙离婚？""",,,,,,
371,"""你有哪些「当时我就懵逼了」的经历？""",,,,,,
372,"""如何看待空姐搭乘滴滴顺风车被杀害一事？此类事件应如何避免？""",,,,,,
373,"""有哪些常见的道德绑架？""",,,,,,
374,"""你坚持过哪些细小的好习惯？""",,,,,,
375,"""最近几年，你观察到哪些消费升级现象？""",,,,,,
377,"""抖音和快手最大的区别是什么？""",,,,,,
378,"""如何不虚度大学的时光？""",,,,,,
379,"""拥有丰富的表情图是种怎样的体验？""",,,,,,
380,"""Excel 有什么好用的技巧，让你相见恨晚？""",,,,,,
381,"""身边的人是网红是什么感受？""",,,,,,
382,"""抖音能否风靡美国？""",,,,,,
383,"""作为普通用户，淘宝购物时，有哪些你经常用但一般人不知道的方法？""",,,,,,
384,"""有哪些已经堕落了的公司，为什么？""",,,,,,
385,"""如何看待雷军 2017 年 6 月 14 日转评的微博「唉……」？""",,,,,,
386,"""你见过最侮辱观众智商的广告是哪个？""",,,,,,
387,"""你有哪些「当时我就懵逼了」的经历？""",,,,,,
388,"""微信朋友圈中有哪些行为或做法显得特别 low?""",,,,,,
389,"""为什么部分中国网民认为韩国国家形象差？""",,,,,,
391,"""《福布斯》2011 年评腾讯创新能力全球第四，超越苹果和谷歌，如何理解？""",,,,,,
392,"""网上有真实的兼职吗？""",,,,,,
393,"""最良心的软件可以良心到什么程度？""",,,,,,
394,"""你用过哪些强大的快捷键？""",,,,,,
395,"""如何理解马云所说的月入两三万，三四万的人最幸福？""",,,,,,
396,"""面试官问你的缺点是什么，应该如何回答？""",,,,,,
397,"""为什么很多人都说百度是家缺德的公司？""",,,,,,
398,"""如何评价京东杀熟？""",,,,,,
399,"""国内外有哪些不以颜值而出名的网红？他们分别是怎么出名的？""",,,,,,
400,"""想要充实自己，有哪 10 本书或者 10 部电影值得推荐？""",,,,,,
401,"""有哪些你第一眼看到就爱上的句子？""",,,,,,
402,"""如果800个小时后发生世界大战，你最想怎么做？""",,,,,,
403,"""有哪些写出来让人尴尬到脸酸的文章或段子？""",,,,,,
404,"""你读过的最让人心酸的句子有哪些？""",,,,,,
405,"""你读过的最让人心酸的句子有哪些？""",,,,,,
406,"""你知道什么很甜的故事？""",,,,,,
409,"""有哪些读上去文艺而有韵味的句子？""",,,,,,
411,"""如何用平淡的语气写出虐到让人喘不过气，或让读者感到震撼、震惊的感觉？""",,,,,,
412,"""女生爱看书和不爱看书的差别在哪里？""",,,,,,
413,"""有哪些年轻人可能需要看的优秀书籍？""",,,,,,
414,"""一个读书与不读书的人的区别有哪些？""",,,,,,
415,"""知乎上有哪些关于书籍推荐的好问答？""",,,,,,
417,"""你知道什么很甜的故事？""",,,,,,
418,"""为什么我书读得越多，越看不起周围的人？""",,,,,,
419,"""有哪些情节多次反转的故事？""",,,,,,
420,"""女生爱看书和不爱看书的差别在哪里？""",,,,,,
421,"""女性作家有哪些对男性的描写，让你想要大呼「你是对男人有什么误解啊」？""",,,,,,
422,"""有哪些句子，一眼就会让你爱上？""",,,,,,
423,"""想要充实自己，有哪 10 本书或者 10 部电影值得推荐？""",,,,,,
424,"""历史上有哪些疑似穿越者？理由是什么？""",,,,,,
425,"""有哪些惊艳到你的句子？""",,,,,,
426,"""为什么嗑瓜子可以嗑半个小时甚至一个小时以上，看书学习却不可以？""",,,,,,
427,"""有哪些惊艳到你的句子？""",,,,,,
431,"""读书到底有什么用？""",,,,,,
432,"""有哪些翻译作品完美做到「信达雅」的水平？""",,,,,,
433,"""如何用平淡的语气写出虐到让人喘不过气，或让读者感到震撼、震惊的感觉？""",,,,,,
434,"""蜡笔小新中有哪些细思恐极的细节？""",,,,,,
435,"""100 字内能写出怎样萌的故事？""",,,,,,
436,"""如何用王家卫的方式表白？""",,,,,,
437,"""从哪一刻开始你觉得读书是有用的？""",,,,,,
439,"""有哪些令你读过就不会忘的话？""",,,,,,
440,"""数学里的 e 为什么叫做自然底数？是不是自然界里什么东西恰好是 e？""",,,,,,
441,"""你知道的最冷的冷知识是什么？""",,,,,,
443,"""有没有那么一瞬间突然有死亡的感觉，突然觉得非常恐惧？""",,,,,,
445,"""人类有没有可能是被设计出来的？""",,,,,,
446,"""宇宙中有哪些超出常人想象的现象？""",,,,,,
447,"""如何评价崔永元？""",,,,,,
448,"""梅花鹿的鹿茸角在被锯掉的时候，它会痛吗？""",,,,,,
449,"""复印后纸的重量增加了吗？""",,,,,,
450,"""人类科技史上有什么趣闻？""",,,,,,
451,"""人类活动对环境的影响到底有多大？""",,,,,,
452,"""自来水不能直接喝，水果不能直接吃，但是为什么用自来水洗了水果后，就可以吃？""",,,,,,
453,"""核武器能把地球炸得粉身碎骨吗？""",,,,,,
454,"""有没有什么很大让人很震撼的生物？""",,,,,,
455,"""有哪些知识或常识，你会奇怪他人居然不知道？""",,,,,,
456,"""为啥自己照镜子感觉自己长的蛮好看，可是一拍照就觉得不咋的?""",,,,,,
458,"""在哪个瞬间你觉得「我的高数没有白学」?""",,,,,,
459,"""生物学上有什么凄美的故事？""",,,,,,
460,"""这个世界有哪些不合理的地方？""",,,,,,
461,"""杨振宁真的很伟大吗？""",,,,,,
462,"""有哪些听起来很厉害的专业术语？""",,,,,,
463,"""有哪些让人觉得不可思议的科学现象？""",,,,,,
464,"""作为科研工作者子女是什么体验？""",,,,,,
465,"""为啥自己照镜子感觉自己长的蛮好看，可是一拍照就觉得不咋的?""",,,,,,
466,"""中国人在长相上有没有地域特点？""",,,,,,
467,"""有没有什么很大让人很震撼的生物？""",,,,,,
468,"""杨振宁真的很伟大吗？""",,,,,,
469,"""人类有哪些试图改变自然规律，然后被打脸的例子？""",,,,,,
470,"""多大的力气才能把一元硬币掰断？""",,,,,,
471,"""医生护士相信鬼神吗？""",,,,,,
472,"""如何评价崔永元？""",,,,,,
473,"""我们的自来水真的很脏吗？""",,,,,,
474,"""哪种动物的交配方式很奇葩？""",,,,,,
475,"""如果世界上出现了比人还高级的生物，我们人类会不会沦为被虐杀的对象，有被吃掉的风险？""",,,,,,
476,"""作为科研工作者子女是什么体验？""",,,,,,
477,"""医生护士相信鬼神吗？""",,,,,,
478,"""宇宙中有哪些超出常人想象的现象？""",,,,,,
479,"""为什么知乎上不反对转基因的人占多数？""",,,,,,
480,"""低学历是否比高学历更加会赚钱？""",,,,,,
481,"""如何白手起家挣到一百万？""",,,,,,
482,"""有哪些2000年初（2000~2005 年）看似不靠谱的预测成真了？""",,,,,,
483,"""十种世界顶级思维""",,,,,,
484,"""有什么生活小玩意原来没用过，用过之后就停不了的？""",,,,,,
485,"""有哪些在发达国家很普遍，在中国却行不通的商业模式？""",,,,,,
486,"""有什么经济学技巧可以用于日常购物？""",,,,,,
487,"""你的家传祖业有什么精彩的内行故事？""",,,,,,
488,"""董明珠为什么选择自己为格力代言？""",,,,,,
489,"""所谓厉害的人，遇到问题时的思维模式与我们的差别在哪？""",,,,,,
491,"""什么是「富人思维」？""",,,,,,
492,"""最近几年，你观察到哪些消费升级现象？""",,,,,,
493,"""长大以后，你悟出过哪些不一样的道理？""",,,,,,
495,"""你用/买过什么很贵的东西，但是感觉很值？""",,,,,,
496,"""长大以后，你悟出过哪些不一样的道理？""",,,,,,
497,"""果汁店铺地段不好没客人，怎么办？""",,,,,,
498,"""如何变得会聊天？""",,,,,,
499,"""请说说你们当初是怎么找到创业的方向的？""",,,,,,
500,"""这个社会中，有真才实学技术的人，是否总体不如「非常会来事」的万金油混得好？""",,,,,,
501,"""面试的时候，销售经理让你把一瓶矿泉水卖 300 元，你会怎么应对？""",,,,,,
502,"""如何白手起家挣到一百万？""",,,,,,
503,"""有哪些比小说更好看的商业故事？""",,,,,,
504,"""如何评价京东杀熟？""",,,,,,
505,"""大学四年应当如何度过？""",,,,,,
506,"""如何评价京东杀熟？""",,,,,,
507,"""有什么生活小玩意原来没用过，用过之后就停不了的？""",,,,,,
508,"""有哪些大家都不看好，但最后却出乎意料的事情？""",,,,,,
509,"""为什么牛奶卖不完宁可倒掉也不免费送人？""",,,,,,
510,"""什么是「富人思维」？""",,,,,,
511,"""夜宵摊、早餐摊、地摊到底有多赚钱？""",,,,,,
512,"""京东一直在亏，为什么没有倒闭?刘强东为什么还那么有钱？""",,,,,,
513,"""一本正经地胡说八道，是种怎样的体验？""",,,,,,
514,"""怎么提高表达能力？""",,,,,,
515,"""你见过哪些逆天的造假手段？""",,,,,,
516,"""如何变得会聊天？""",,,,,,
517,"""如何看待「拼多多」这个 app？""",,,,,,
518,"""商品定价 3899 和 3999，哪个效果更好？""",,,,,,
519,"""如何看待郭敬明《爵迹》的票房可能收不回成本？""",,,,,,
520,"""体质极差的人该如何从头开始恢复身体素质？""",,,,,,
521,"""每个宿舍最早起来的人后来怎么样了呢？""",,,,,,
522,"""没有锻炼基础的人，如何增肌与减脂？""",,,,,,
523,"""女生如何健身练出好身材？""",,,,,,
524,"""在健身房，你最讨厌什么样的人？""",,,,,,
525,"""长时间坚持健身能在一定程度上改变容貌吗？""",,,,,,
526,"""通过跑步瘦下来是种怎样的体验？""",,,,,,
527,"""长时间坚持健身能在一定程度上改变容貌吗？""",,,,,,
528,"""很瘦的人该制定怎样的健身计划？""",,,,,,
529,"""为什么部分中国男人不注意身材？不锻炼肌肉？不注意牙齿？""",,,,,,
530,"""有哪些在生活中被认为无所谓但实际会对身体造成很大损害的坏习惯？""",,,,,,
532,"""2块钱的维生素c和98块钱的维生素c有什么区别？""",,,,,,
533,"""有一个热爱健身的女朋友是怎样的体验？""",,,,,,
534,"""长期运动对外貌的改变有多大？""",,,,,,
535,"""每个宿舍最早起来的人后来怎么样了呢？""",,,,,,
536,"""亚洲人体质是不是真的较差？""",,,,,,
538,"""为什么美国有那么多肌肉男？""",,,,,,
540,"""如何保持正确的坐姿？""",,,,,,
541,"""有哪些演员戏路很窄？""",,,,,,
542,"""脖子前倾怎么矫正？""",,,,,,
543,"""不上健身房，有哪些即使在家完成也能有好效果的健身方式 ？""",,,,,,
544,"""为什么部分中国男人不注意身材？不锻炼肌肉？不注意牙齿？""",,,,,,
545,"""你跑步的时候在想什么？""",,,,,,
546,"""『体态改善』3招解决含胸驼背，穿衣更有型~""",,,,,,
547,"""为什么人到中年，很少有身材苗条的？""",,,,,,
548,"""失恋后，每天坚持健身、看书、学习，为什么依然没有快乐？""",,,,,,
549,"""如何进行系统地拉伸？""",,,,,,
550,"""什么运动可以帮助女生瘦腿？""",,,,,,
551,"""被摧毁的女孩的一生：23岁的我，背包里却永远塞满了成人纸尿裤...""",,,,,,
553,"""酒量可以练吗？""",,,,,,
554,"""怎样快速有效地学习游泳？""",,,,,,
555,"""零登山基础，想十年之内登珠峰，需要什么准备？""",,,,,,
556,"""减脂有哪些常见误区？正确的方法是怎样的？""",,,,,,
557,"""你身边有哪些打扮后让人眼前一亮的例子？""",,,,,,
558,"""怎样纠正成年人驼背、耸肩的体态？""",,,,,,
559,"""你在健身房时会内心会嘲笑、轻蔑正在锻炼的很胖的女孩吗？""",,,,,,
560,"""有什么经济学技巧可以用于日常购物？""",,,,,,
561,"""非洲为什么这么穷？""",,,,,,
562,"""一个精英的诞生，家庭因素有多大？""",,,,,,
563,"""为什么很多夜店都是对女性免费？""",,,,,,
564,"""为什么 2015 年初，上海有卫计委官员呼吁大家生二胎？""",,,,,,
565,"""一个精英的诞生，家庭因素有多大？""",,,,,,
566,"""闹灾荒的时候，和|在给灾民的米汤里撒了一把沙子， 这其中包含着什么经济学原理？""",,,,,,
567,"""是否应该取消对穷人的补贴和福利以激励他们上进？""",,,,,,
568,"""面试的时候，销售经理让你把一瓶矿泉水卖 300 元，你会怎么应对？""",,,,,,
569,"""国企工作效率真的很低吗？""",,,,,,
570,"""为什么牛奶卖不完宁可倒掉也不免费送人？""",,,,,,
571,"""肯德基和麦当劳的优惠券意义在哪里？为何不直接降价？""",,,,,,
572,"""一个国家欠钱不还会怎么样？""",,,,,,
573,"""人种基因改良是利大于弊么？""",,,,,,
576,"""被包养为什么不划算？""",,,,,,
578,"""现在去香港购物的人越来越少吗？为什么？""",,,,,,
579,"""面试的时候，销售经理让你把一瓶矿泉水卖 300 元，你会怎么应对？""",,,,,,
581,"""有哪些我们觉得荒谬的事，却有着合理的经济学解释？""",,,,,,
582,"""有什么经济学技巧可以用于日常购物？""",,,,,,
583,"""什么叫对冲基金？""",,,,,,
584,"""经济学入门必读书籍有哪些值得推荐？""",,,,,,
585,"""为什么有的人「偷偷学习，不愿让他人知道」，这是一种什么心态？""",,,,,,
586,"""什么是「供给侧改革」？""",,,,,,
587,"""中国央行为何不印发更大面额的纸币（500 元、1000 元）？""",,,,,,
588,"""最近一百年，全球涌现过哪些最顶尖的、最赚钱的公司？它们的共性是什么？""",,,,,,
589,"""为什么 2015 年初，上海有卫计委官员呼吁大家生二胎？""",,,,,,
590,"""中国的房价会因为什么而下跌，怎么让中国房价下跌？""",,,,,,
591,"""如何从「穷人思维」过渡到「富人思维」？""",,,,,,
593,"""《西虹市首富》里看似偶然，却暗藏的经济理论有哪些？""",,,,,,
594,"""吃饭 AA 公平吗？如一方的饭量是另一方的两到三倍，这样对另一方来说不吃亏吗？""",,,,,,
595,"""大学里金融系到底学了些什么？""",,,,,,
596,"""为什么许多中国大陆以外的地区牛奶大部分不带吸管、泡面大部分不带叉子？""",,,,,,
597,"""有哪些经济学理论可以用在谈恋爱上？""",,,,,,
598,"""如果自己偷偷印一大笔钱给老婆花，对市场有什么影响？""",,,,,,
600,"""死刑真的有威慑力吗？""",,,,,,
601,"""人呐 要比想象的耐艹！""",,,,,,
602,"""你认识的遭遇性侵犯的人后来怎样了？""",,,,,,
603,"""如何看待温州乐清 20 岁女生乘坐滴滴顺风车遇害 ？是否反映出客服系统存在问题？""",,,,,,
604,"""如何看待渔民帮捞尸体要 1.8 万？""",,,,,,
605,"""用奖励无赖的方式维稳，上海警力永远不够用""",,,,,,
606,"""牢狱生活是种什么体验？""",,,,,,
607,"""马蓉和宋醋钣锌赡苁鞘裁聪鲁。""",,,,,,
608,"""如何看待空姐搭乘滴滴顺风车被杀害一事？此类事件应如何避免？""",,,,,,
609,"""拿了投资人的钱却创业失败，在商业圈子里的后果都会有哪些？""",,,,,,
610,"""为什么碰瓷的人不去碰豪车？""",,,,,,
611,"""如果病人欠费逃跑，医生该怎么办？""",,,,,,
612,"""女性遭遇强奸时如何有效地保留证据？""",,,,,,
613,"""如何与父母断绝亲子关系？""",,,,,,
614,"""警察/法医是如何做到不怕那些惨不忍睹的尸体的？""",,,,,,
615,"""如何看待国行三星 Note 7 爆炸用户进京送检手机？""",,,,,,
616,"""为什么艳照门的主角要道歉？""",,,,,,
617,"""你认识的遭遇性侵犯的人后来怎样了？""",,,,,,
618,"""美国有哪些方面比中国强？""",,,,,,
619,"""决战！豫章书院想认怂逃跑？没那么简单""",,,,,,
620,"""你为什么支持死刑，死刑是最好的惩罚手段还是毫无代价的解脱？""",,,,,,
621,"""如何看待李国武徒手接11层跳楼女人被砸身亡？""",,,,,,
622,"""你为什么支持死刑，死刑是最好的惩罚手段还是毫无代价的解脱？""",,,,,,
623,"""普通老百姓撞了豪车，是不是真该毁一生？""",,,,,,
624,"""如何看待老回为三星 Note 4 炸伤女童维权时被贵州安顺普定信访局局长号召的十数名工作人员殴打？""",,,,,,
625,"""如何看待宝鸡一孕妇故意伸脚绊倒 4 岁男童，因孩子将门帘甩到其脸上的这种行为？""",,,,,,
627,"""婚后遇到更合适、更情投意合的今生挚爱，怎么办？""",,,,,,
628,"""人贩子为什么不能一律判死刑？""",,,,,,
629,"""如何看待 8 月 20 日因泳池起冲突家长到单位闹事，女医生不堪网络暴力自杀一事？""",,,,,,
630,"""如何看待「山东招远麦当劳女子被殴致死」事件？""",,,,,,
631,"""如何评价「女子点外卖被打头破血流 外卖小哥：赔钱也要打你」？""",,,,,,
632,"""知道哪些法律上的小常识可以保护自己？""",,,,,,
633,"""如何评价杨永信？""",,,,,,
634,"""普通老百姓撞了豪车，是不是真该毁一生？""",,,,,,
635,"""如何看待宝鸡一孕妇故意伸脚绊倒 4 岁男童，因孩子将门帘甩到其脸上的这种行为？""",,,,,,
636,"""如何看待温州乐清 20 岁女生乘坐滴滴顺风车遇害 ？是否反映出客服系统存在问题？""",,,,,,
638,"""如何看待作家李枫控诉郭敬明性骚扰和性侵犯？""",,,,,,
639,"""有哪些你以为「举报了没用」但实际上有用的事情？""",,,,,,
640,"""有一个舍得为你花钱的男朋友是种怎样的体验？""",,,,,,
641,"""为什么国内大学不推行单人宿舍和国外一样？""",,,,,,
642,"""体质极差的人该如何从头开始恢复身体素质？""",,,,,,
643,"""有哪些你难以理解的潮流？""",,,,,,
644,"""每个宿舍最早起来的人后来怎么样了呢？""",,,,,,
645,"""吃的方式能否反映一个人的教养、内涵？""",,,,,,
646,"""丧失了喜欢人的能力是怎样的体验？""",,,,,,
647,"""在交通工具上靠着陌生人的肩膀睡着了或是被陌生人靠着肩膀睡着了是怎样一种体验？""",,,,,,
648,"""如果800个小时后发生世界大战，你最想怎么做？""",,,,,,
649,"""男女交往中男性的核心竞争力是什么？""",,,,,,
650,"""贫穷有多可怕？""",,,,,,
651,"""在哪一刻你觉得你和朋友再也做不成朋友了？""",,,,,,
652,"""最适合在办公室吃的零食是什么？""",,,,,,
653,"""你认为有哪些越早明白越好的人生道理？""",,,,,,
654,"""为什么现在越来越多的男人不想结婚了？""",,,,,,
655,"""有哪些大家不说，但需要知道的社会规则？""",,,,,,
656,"""你做过最尴尬的事情是什么？""",,,,,,
658,"""有哪些年轻人「千万不能碰」的东西？""",,,,,,
659,"""有哪些男生谈恋爱之后才知道的女生秘密？""",,,,,,
660,"""怎么花最少的钱提升出租屋的格调？""",,,,,,
661,"""旅行时如何拍出不那么「到此一游」的照片？""",,,,,,
662,"""便宜的衣服比贵的衣服差很多吗？""",,,,,,
663,"""「以为会碾压，结果被秒杀」 的例子有哪些？""",,,,,,
664,"""男生 25 岁了，应该明白哪些道理？""",,,,,,
665,"""有什么生活小玩意原来没用过，用过之后就停不了的？""",,,,,,
666,"""贫穷会对人的身心造成多大的影响？""",,,,,,
667,"""你买得最失败的东西是什么？""",,,,,,
668,"""有哪些有利于人保持年轻、健康、漂亮的状态的细微的好习惯？""",,,,,,
669,"""哪一刻你觉得现实很美好？""",,,,,,
670,"""有哪些年轻人「千万不能碰」的东西？""",,,,,,
671,"""男女学生交往中的花费都应该是男方付吗？""",,,,,,
672,"""部分女生为什么会答应男摄拍私房？""",,,,,,
673,"""男性怎样不算「幼稚」？""",,,,,,
676,"""你做过最尴尬的事情是什么？""",,,,,,
677,"""大学生活让你懂得什么道理？""",,,,,,
678,"""女孩子到底要不要买很贵的护肤品？""",,,,,,
679,"""贫穷有多可怕？""",,,,,,
681,"""有哪些典型的「学生思维」？""",,,,,,
682,"""你是如何转行的？转行容易吗？""",,,,,,
683,"""有哪些「985 学生知道了会流泪，211 学生知道了会沉默」 的残酷现实？""",,,,,,
684,"""25 岁做什么，可在 5 年后受益匪浅？""",,,,,,
685,"""有哪些典型的「学生思维」？""",,,,,,
686,"""所谓厉害的人，遇到问题时的思维模式与我们的差别在哪？""",,,,,,
687,"""有哪些是你踏入社会才明白的道理？""",,,,,,
688,"""你最不希望成为社会上的哪种人？""",,,,,,
689,"""月入十万，难吗？""",,,,,,
691,"""你最勤奋的时候到过什么程度？""",,,,,,
692,"""你什么时候觉得如果自己不努力，背后会是万丈深渊？""",,,,,,
694,"""你听过管理者最无耻的一句话是什么？""",,,,,,
695,"""刚毕业就月薪过万，是种怎样的体验？""",,,,,,
696,"""是不是文化程度越低的女孩，越把希望寄托于嫁人，而不是自己努力？""",,,,,,
697,"""优秀的女孩是没有性生活的""",,,,,,
698,"""你听过管理者最无耻的一句话是什么？""",,,,,,
699,"""有哪些事情是你当了领导才明白的？""",,,,,,
701,"""为什么现在很多年轻人愿意到北上广深打拼，即使过得异常艰苦，远离亲人，仍然义无反顾？""",,,,,,
702,"""如何理解马云所说的月入两三万，三四万的人最幸福？""",,,,,,
703,"""25 岁做什么，可在 5 年后受益匪浅？""",,,,,,
704,"""月入十万，难吗？""",,,,,,
705,"""什么样的朋友是真正的好朋友？""",,,,,,
706,"""奔27岁，男，毕业两年多，存款10万，搞IT，单身狗，无房无车，是不是有点low逼？""",,,,,,
707,"""提离职被老板加薪挽留，该怎么办？""",,,,,,
708,"""性格内向真的不好吗？""",,,,,,
709,"""有哪些是你踏入社会才明白的道理？""",,,,,,
710,"""怎么提高表达能力？""",,,,,,
711,"""你是怎样超过以前感觉比自己强大很多的人的？""",,,,,,
712,"""有哪些送给 20 岁的年轻人的建议？""",,,,,,
713,"""你听过管理者最暖心的一句话是什么？""",,,,,,
714,"""有哪些「985 学生知道了会流泪，211 学生知道了会沉默」 的残酷现实？""",,,,,,
715,"""学习英语给你带来了哪些机会？""",,,,,,
716,"""现在赚多少钱，40岁以后才能财务自由？""",,,,,,
717,"""为什么现在很多年轻人愿意到北上广深打拼，即使过得异常艰苦，远离亲人，仍然义无反顾？""",,,,,,
719,"""性格内向真的不好吗？""",,,,,,
720,"""有什么相见恨晚的背单词方法？""",,,,,,
721,"""有文化可以有多可怕？""",,,,,,
722,"""如何评价现在的大学生？""",,,,,,
723,"""低学历是否比高学历更加会赚钱？""",,,,,,
724,"""你遇到过哪些「赤裸裸暴露人性」的事情？""",,,,,,
725,"""中国真的有很多穷人吗？""",,,,,,
727,"""有文化可以有多可怕？""",,,,,,
728,"""中国真的有很多穷人吗？""",,,,,,
729,"""每天坚持英语学习为什么还是学不好？""",,,,,,
730,"""教育变成这个样子，真的是你们所希望的吗？""",,,,,,
731,"""摧毁一个熊孩子有多困难？""",,,,,,
732,"""有什么相见恨晚的背单词方法？""",,,,,,
733,"""网络上有哪些免费的教育资源？""",,,,,,
734,"""一个父亲每月要赚多少钱，才能撑起一个家？""",,,,,,
735,"""摧毁一个熊孩子有多困难？""",,,,,,
736,"""女孩子被富养是怎样的感受？""",,,,,,
737,"""如何看待「小学生家长因孩子作业过多深夜问老师『睡了吗』，家长群瞬间炸锅」一事？""",,,,,,
738,"""怎么练好英语口语？""",,,,,,
740,"""没文化可以有多可怕？""",,,,,,
741,"""没文化可以有多可怕？""",,,,,,
742,"""男生的哪个瞬间让你觉得很有教养?""",,,,,,
743,"""25 岁做什么，可在 5 年后受益匪浅？""",,,,,,
744,"""摧毁一个家长有多简单？""",,,,,,
745,"""男生的哪个瞬间让你觉得很有教养?""",,,,,,
746,"""哪个瞬间让你突然觉得读书真有用？""",,,,,,
747,"""哪一个瞬间让你不想再当老师？""",,,,,,
748,"""做客孩子临走时带走几只玩具，我的孩子抗拒并一直哭，要怎么开导？""",,,,,,
749,"""一个父亲每月要赚多少钱，才能撑起一个家？""",,,,,,
750,"""大学生活让你懂得什么道理？""",,,,,,
751,"""一个人的教养如何体现？""",,,,,,
752,"""为什么现在有一些初高中的孩子越来越不爱惜自己的身体？""",,,,,,
753,"""如何评价有些大学老师上课异常严格？""",,,,,,
754,"""怎样才能从英语很糟糕的人变成英语很厉害的人？""",,,,,,
755,"""中国教育最大的成功在哪里？""",,,,,,
756,"""一本、二本、三本的大学生之间有什么差别？""",,,,,,
757,"""有哪些年轻人可能需要看的优秀书籍？""",,,,,,
758,"""努力就可以上清华北大吗？如果可以，怎样做？""",,,,,,
759,"""怎么做能尽量使得自己的孩子不成为熊孩子？""",,,,,,
760,"""就 2015 年初而言，国人的审美大体处于一个什么样的水平？""",,,,,,
761,"""女生光头是种什么体验？""",,,,,,
762,"""月生活费 800 的女大学生如何在保证三餐不受影响的情况下提升自己的着装搭配和品味？""",,,,,,
763,"""你坚持过哪些细小的好习惯？""",,,,,,
764,"""有哪些相貌平凡的人穿出衣服品味的例子？""",,,,,,
765,"""长得漂亮的人都是怎么得知自己长得漂亮的呢？""",,,,,,
766,"""男生如何学习服装搭配？""",,,,,,
767,"""旅行时如何拍出不那么「到此一游」的照片？""",,,,,,
768,"""如何评价奚梦瑶在维秘录制时摔倒？""",,,,,,
769,"""淘宝上买衣服，怎么买出质量，穿出品位？""",,,,,,
770,"""你有哪些「当时我就懵逼了」的经历？""",,,,,,
772,"""不会搭配服饰的女生如何开始系统地学习服装搭配？""",,,,,,
773,"""你坚持过哪些细小的好习惯？""",,,,,,
774,"""有哪些让人拍案叫绝的智障设计？""",,,,,,
775,"""在校男学生如何才能穿搭得低调又优雅呢？""",,,,,,
776,"""有哪些200以内看起来很高端的礼物？""",,,,,,
777,"""你有哪些大开眼界的经历？""",,,,,,
778,"""男生如何找准自己的穿衣风格，提升衣着品味？""",,,,,,
779,"""和明星做同学/朋友是种怎样的体验？""",,,,,,
780,"""女生如何让自己一步步走向精致？""",,,,,,
781,"""男人品位的高低从何处体现？""",,,,,,
782,"""是不是大多数人都不喜欢「网红脸」？如果是，那为什么有部分人想整成那样？""",,,,,,
783,"""有什么道理是开始注重外表几年后才能悟出来的？""",,,,,,
784,"""你们身边有天然的网红脸吗?""",,,,,,
785,"""你见过哪些戏精一样的人？""",,,,,,
787,"""室友认为我的穿着很轻浮，我该如何回应？""",,,,,,
788,"""男生怎么样才能留长头发？""",,,,,,
789,"""一个女孩要怎样才算得上精致？""",,,,,,
790,"""女生需要的基本款冬装有哪些？""",,,,,,
791,"""哪种类型算是中国式标准帅哥？""",,,,,,
792,"""如何选择一款适合自己的发型？""",,,,,,
793,"""女生怎么穿会比较帅气？""",,,,,,
794,"""你有哪些「当时我就懵逼了」的经历？""",,,,,,
795,"""如何打扮才能让不会打扮的女孩变成美女？""",,,,,,
797,"""日本哪些化妆品护肤品特别好？""",,,,,,
799,"""你们身边的漂亮女孩儿生完孩子以后都怎么样了？""",,,,,,
800,"""有哪些在发达国家很普遍，在中国却行不通的商业模式？""",,,,,,
801,"""银行会如何对待有一亿活期存款的个人客户？""",,,,,,
802,"""普通老百姓撞了豪车，是不是真该毁一生？""",,,,,,
803,"""女孩收入达到多高时可以购买奢侈品？""",,,,,,
804,"""女孩收入达到多高时可以购买奢侈品？""",,,,,,
805,"""在陆家嘴的金融机构中上班是一种什么体验？""",,,,,,
806,"""普通老百姓撞了豪车，是不是真该毁一生？""",,,,,,
807,"""比特币是什么？""",,,,,,
809,"""支付宝健康保障里面的「大病无忧宝」有必要买吗？""",,,,,,
810,"""一个国家欠钱不还会怎么样？""",,,,,,
811,"""月薪多少最幸福，离你有多远？""",,,,,,
812,"""如果借网贷的人死了，那这笔钱是不是不用还了？""",,,,,,
813,"""普通人如何通过训练大幅提高自己的决策能力？""",,,,,,
814,"""现在为什么那么多大学生贷款平台？""",,,,,,
815,"""怎么购买一份合适的重疾险组合？""",,,,,,
816,"""区块链是什么，如何简单易懂地介绍区块链？""",,,,,,
817,"""你会付出多少去挽救父母的生命？""",,,,,,
818,"""赚钱的逻辑是什么？什么规律或观念使人与人赚的钱产生了巨大差别？""",,,,,,
819,"""中国房地产泡沫是否会在几年内破灭，从而引发金融危机？""",,,,,,
820,"""什么叫对冲基金？""",,,,,,
821,"""为什么国外的移动支付没有像国内的支付宝和微信那样普及？""",,,,,,
823,"""月薪多少最幸福，离你有多远？""",,,,,,
824,"""中国的房价会因为什么而下跌，怎么让中国房价下跌？""",,,,,,
825,"""如何评价朋友圈所流传的刘强东的薪酬计划？""",,,,,,
826,"""把自己的青春时光大量花在学习 CFA 和 CPA 上好吗？""",,,,,,
827,"""创业能有多艰辛？""",,,,,,
828,"""如何追回参与高利贷而造成的损失？""",,,,,,
829,"""「保险」到底保险吗？""",,,,,,
830,"""夫妻都35岁，坐标北京，家庭年收入税后60万，有一总价450万无贷款房子，没有明朗升职空间，悲催吗？""",,,,,,
831,"""大学里金融系到底学了些什么？""",,,,,,
832,"""备考 CPA 的，有哪些经验可推荐？""",,,,,,
833,"""余额宝利率一跌再跌说明了哪些问题？""",,,,,,
834,"""在银行工作是怎样一番体验？""",,,,,,
835,"""如果自己偷偷印一大笔钱给老婆花，对市场有什么影响？""",,,,,,
836,"""弄丢比特币是怎样一种体验？""",,,,,,
837,"""收入超过父母是种怎样的体验？""",,,,,,
838,"""余额宝利率一跌再跌说明了哪些问题？""",,,,,,
839,"""支付宝怎样利用沉淀的资金？""",,,,,,
840,"""有哪些鲜为人知的历史照片？""",,,,,,
841,"""有哪些鲜为人知的历史照片？""",,,,,,
842,"""在摄影师眼中，一张专业到位的美食照是什么样子？""",,,,,,
843,"""自学摄影以及后期是一种怎样的体验？""",,,,,,
844,"""如果365天每天都拍一张照片，有哪些题材？""",,,,,,
845,"""你见过拍照最厉害的中学生是怎样的？""",,,,,,
846,"""摄影研究所 | 星野摄影从0到有，三年星空拍摄经验全盘托出""",,,,,,
847,"""你用无反相机拍出过哪些你喜欢的照片？""",,,,,,
848,"""在逆光下，人物完全背光又没有补光的情况下，怎么恢复肤色？""",,,,,,
849,"""在摄影师眼中，一张专业到位的美食照是什么样子？""",,,,,,
850,"""除了建筑、街道和人，关于城市还可以拍些什么？""",,,,,,
851,"""在逆光下，人物完全背光又没有补光的情况下，怎么恢复肤色？""",,,,,,
852,"""如果365天每天都拍一张照片，有哪些题材？""",,,,,,
853,"""自学摄影以及后期是一种怎样的体验？""",,,,,,
854,"""如何在学校拍好一组写真？""",,,,,,
855,"""除了建筑、街道和人，关于城市还可以拍些什么？""",,,,,,
856,"""摄影研究所 | 同样是食物，为什么你会拍成黑暗料理？""",,,,,,
857,"""你用无反相机拍出过哪些你喜欢的照片？""",,,,,,
858,"""如何将照片调出日剧色调的感觉？""",,,,,,
859,"""当职业摄影师，有哪些不为人知的背后故事？""",,,,,,
860,"""小清新照片的泛滥是否是因为国内的经济条件的限制和教育的不足？""",,,,,,
861,"""自学摄影，有什么好的关于布光的书推荐？""",,,,,,
862,"""尼康D750和D810差多少？""",,,,,,
863,"""有哪些已绝版而且被珍藏起来的摄影书籍？""",,,,,,
864,"""看商业摄影师拍模特连续按快门速度那么快，怎样去构图、测光、调整对焦点?""",,,,,,
865,"""Episode 1：我的用光不可能那么可爱！""",,,,,,
866,"""美食摄影行业的现状如何？""",,,,,,
867,"""你所了解的摄影师的生存状况是什么样的？""",,,,,,
868,"""我想做婚庆摄像。请大神们介绍一款2万大洋左右的高清机器。佳能单反就别提了？""",,,,,,
869,"""专业摄影师如何看待业余摄影爱好者摄影水平？""",,,,,,
871,"""摄影专业或是摄影专门学校的学生都在学些什么？""",,,,,,
872,"""如何通过电影画面来判断镜头的焦距？""",,,,,,
873,"""乐高版《小王子》幕后大起底！ | 小课堂 Vol. 2""",,,,,,
874,"""摄影师们眼中的世界会是什么样子？""",,,,,,
875,"""看完这篇扫盲，你就告别单反小白了""",,,,,,
876,"""VSCO Film 01 到 05 的区别是什么？""",,,,,,
877,"""拥有一个会拍照的女朋友是什么样的体验？""",,,,,,
878,"""请知乎老师、同学们评价一下这些照片，我该如何提高？""",,,,,,
879,"""专业摄影师如何看待业余摄影爱好者摄影水平？""",,,,,,
880,"""手机里你最不舍得删掉的一张照片是什么？""",,,,,,
881,"""如何才能拍出一张特别好看的自拍照？""",,,,,,
882,"""有哪些「一张照片，就是一个故事」的照片？""",,,,,,
883,"""你见过最假、最差劲的图片处理是什么样的？""",,,,,,
884,"""部分女生为什么会答应男摄拍私房？""",,,,,,
885,"""旅行中如何优雅地发朋友圈？""",,,,,,
886,"""他镜头下这一家，4人死于艾滋！不少人想弄死他，只因揭露了太多""",,,,,,
887,"""部分女生为什么会答应男摄拍私房？""",,,,,,
888,"""有哪些漂亮的女性剧照或电影截图？""",,,,,,
889,"""提高手机摄影水平，有什么心得？""",,,,,,
890,"""有哪些不经意拍出的惊艳照片？""",,,,,,
892,"""你见过最逼真、最极致的图片处理是什么样的？""",,,,,,
893,"""有哪些「看似复杂，实则简单」的PS技巧？""",,,,,,
894,"""如何系统性学习摄影后期调色？""",,,,,,
895,"""有哪些是同一个人而颜值相差甚远的照片？""",,,,,,
896,"""一个人旅行应该怎样自拍？""",,,,,,
897,"""有哪些是同一个人而颜值相差甚远的照片？""",,,,,,
898,"""iPhone内置相机完全操作指南""",,,,,,
899,"""和不会拍照的人旅游是种怎样的体验？""",,,,,,
900,"""如何才能拍出一张特别好看的自拍照？""",,,,,,
901,"""你见过最逼真、最极致的图片处理是什么样的？""",,,,,,
902,"""看到清代的老照片，为什么上面的名妓和嫔妃都那么丑？""",,,,,,
903,"""有哪些第一眼就感到震撼的图片？""",,,,,,
904,"""不得不知的Snapseed使用技巧！""",,,,,,
905,"""原来，那些你曾经赞过的照片，套路都是一样的・・・・・・""",,,,,,
906,"""为什么有些美女不上相？""",,,,,,
907,"""有哪些看着像 PS 过的照片，实际却没有？""",,,,,,
908,"""一个人旅行应该怎样自拍？""",,,,,,
909,"""有哪些「一张照片，就是一个故事」的照片？""",,,,,,
910,"""有哪些不经意拍出的惊艳照片？""",,,,,,
911,"""有哪些第一眼就感到震撼的图片？""",,,,,,
912,"""旅行中如何优雅地发朋友圈？""",,,,,,
914,"""普通人能否用 iPhone X 摄制短片《三分钟》？""",,,,,,
915,"""有哪些比较好用的手机摄影以及后期 app？""",,,,,,
916,"""你有哪些可以让人舍不得挪开眼睛的壁纸？""",,,,,,
917,"""怎样拍照能拍出 Instagram 风？""",,,,,,
918,"""iPhone 拍照有哪些技巧？""",,,,,,
920,"""野球场上，你见过最装逼的是什么？""",,,,,,
921,"""聂卫平是谁？在围棋界有多厉害？""",,,,,,
922,"""你觉得运动员什么时刻真的很了不起？""",,,,,,
923,"""中国现在到底有多强大""",,,,,,
924,"""有哪些大局已定，却又被极限反杀的操作？""",,,,,,
925,"""珠峰上的“尸体”……""",,,,,,
927,"""10年后，刘翔终于等到迟来的道歉""",,,,,,
928,"""张怡宁到底有多强？""",,,,,,
929,"""有哪些大局已定，却又被极限反杀的操作？""",,,,,,
930,"""体育赛场上你见过什么「大将之风」？""",,,,,,
933,"""职业运动员究竟有多恐怖？""",,,,,,
934,"""有哪些让你热泪盈眶的体育精神？""",,,,,,
935,"""你觉得运动员什么时刻真的很了不起？""",,,,,,
936,"""有哪些因为运动员太强而设立的运动规则？""",,,,,,
938,"""职业运动员究竟有多恐怖？""",,,,,,
939,"""奥运会射击允不允许狙击手参赛？""",,,,,,
940,"""体育史上有哪些让人「眼眶一热」的瞬间？""",,,,,,
941,"""如何评价 2018 世界杯德国 0:2 不敌韩国，被淘汰出局？""",,,,,,
942,"""有个计算机大神的男朋友是个什么感觉？""",,,,,,
943,"""你见过哪些误伤队友或被队友误伤的操作？""",,,,,,
944,"""顶级运动员能做出哪些让人惊叹的特技？""",,,,,,
945,"""如何评论傅园慧「请不起队医」的言论？""",,,,,,
946,"""有哪些具影视表演天份的体育明星？""",,,,,,
947,"""普通人跟职业运动员到底有多大差距？""",,,,,,
948,"""体育界各个项目中公认不世出的天才都有哪些？""",,,,,,
950,"""奶茶妹妹的出名背后，有哪些故事？""",,,,,,
951,"""中国的乒乓球有多强？""",,,,,,
952,"""怎样评价李娜澳网夺冠后回国时在机场的表现？""",,,,,,
953,"""关于科比亲笔发文透露下赛季退役，你想说点什么？""",,,,,,
955,"""New Balance 每个型号都有什么特点？""",,,,,,
956,"""你有哪些虽败犹荣的经历？""",,,,,,
958,"""如何看待 2018 年苏州马拉松国内选手何引丽因被递国旗痛失冠军？""",,,,,,
959,"""运动员可以服用兴奋剂会怎么样？""",,,,,,
961,"""如何白手起家挣到一百万？""",,,,,,
962,"""有哪些在发达国家很普遍，在中国却行不通的商业模式？""",,,,,,
963,"""有哪些不起眼却非常赚钱的行业？""",,,,,,
964,"""所谓厉害的人，遇到问题时的思维模式与我们的差别在哪？""",,,,,,
965,"""你经历过哪些思维上的转变？""",,,,,,
966,"""拿了投资人的钱却创业失败，在商业圈子里的后果都会有哪些？""",,,,,,
967,"""什么是「富人思维」？""",,,,,,
968,"""面包店是怎么处理当天剩余面包的？""",,,,,,
969,"""开炸鸡排店的「水」真的很深吗？""",,,,,,
970,"""有哪些不起眼却非常赚钱的行业？""",,,,,,
971,"""大学校园旁的奶茶店，位置还行，效益一般，如何改善？""",,,,,,
972,"""果汁店铺地段不好没客人，怎么办？""",,,,,,
973,"""请说说你们当初是怎么找到创业的方向的？""",,,,,,
974,"""在只有一个人上班的公司里工作是怎样的体验？""",,,,,,
975,"""有哪些已经堕落了的公司，为什么？""",,,,,,
976,"""如何白手起家挣到一百万？""",,,,,,
977,"""如何理解马云所说的月入两三万，三四万的人最幸福？""",,,,,,
978,"""有哪些已经堕落了的公司，为什么？""",,,,,,
979,"""在只有一个人上班的公司里工作是怎样的体验？""",,,,,,
980,"""什么是「富人思维」？""",,,,,,
981,"""夜宵摊、早餐摊、地摊到底有多赚钱？""",,,,,,
982,"""怎么提高表达能力？""",,,,,,
983,"""成功人士每天睡 4 个小时，真的够吗？""",,,,,,
985,"""为什么人们常说「十个创业九个死」？""",,,,,,
986,"""夜宵摊、早餐摊、地摊到底有多赚钱？""",,,,,,
987,"""创业失败的人后来都怎么样了？""",,,,,,
988,"""外行对你熟知的领域有哪些误解？""",,,,,,
989,"""搞什么副业每月能稳定收入 1 万元？""",,,,,,
990,"""你有什么网上赚钱的项目或生意愿意分享？""",,,,,,
991,"""你经历过哪些思维上的转变？""",,,,,,
992,"""目前是创业的最好时机吗？""",,,,,,
993,"""外行对你熟知的领域有哪些误解？""",,,,,,
994,"""如何可以做好盒饭外卖？""",,,,,,
995,"""月薪多少最幸福，离你有多远？""",,,,,,
996,"""接手了一家经营不善的蛋糕店，如何扭转局面？""",,,,,,
997,"""怎样在一年之内赚到 15 万元？""",,,,,,
998,"""如何理解马云所说的月入两三万，三四万的人最幸福？""",,,,,,
999,"""初次淘宝创业有哪些坑可以避开？""",,,,,,
